,IBM,IBM,IBM,IBM,IBM
,open,high,low,close,volume
time,,,,,
2020-02-27 09:45:00-05:00,136.6,136.6,136.49,136.495,982
2020-02-27 09:46:00-05:00,136.34,136.34,136.33,136.33,200
2020-02-27 09:47:00-05:00,136.36,136.41,136.28,136.28,104
2020-02-27 09:48:00-05:00,136.185,136.66,136.185,136.61,1100
2020-02-27 09:49:00-05:00,136.74,136.86,136.67,136.78,1103
2020-02-27 09:50:00-05:00,136.84,136.99,136.77,136.77,1100
2020-02-27 09:51:00-05:00,136.65,136.66,136.65,136.66,108
2020-02-27 09:52:00-05:00,136.985,136.985,136.95,136.95,600
2020-02-27 09:54:00-05:00,136.97,137.32,136.97,137.32,1550
2020-02-27 09:55:00-05:00,137.26,137.33,137.26,137.33,200
2020-02-27 09:56:00-05:00,137.19,137.19,137.12,137.12,175
2020-02-27 09:57:00-05:00,136.975,137.195,136.975,137.195,1106
2020-02-27 09:58:00-05:00,136.95,136.95,136.745,136.85,401
2020-02-27 09:59:00-05:00,136.775,136.79,136.775,136.79,200
2020-02-27 10:00:00-05:00,136.83,137.12,136.82,136.92,1431
2020-02-27 10:01:00-05:00,136.67,136.67,136.365,136.5,1025
2020-02-27 10:02:00-05:00,136.49,136.49,136.38,136.43,210
2020-02-27 10:03:00-05:00,136.255,136.255,136.255,136.255,100
2020-02-27 10:04:00-05:00,136.155,136.155,135.84,135.91,2429
2020-02-27 10:05:00-05:00,135.935,135.94,135.91,135.94,414
2020-02-27 10:06:00-05:00,136.0,136.16,135.93,136.16,202
2020-02-27 10:07:00-05:00,136.27,136.35,136.27,136.35,170
2020-02-27 10:08:00-05:00,136.375,136.375,136.375,136.375,100
2020-02-27 10:09:00-05:00,136.57,136.57,136.57,136.57,917
2020-02-27 10:10:00-05:00,136.255,136.255,136.22,136.22,4200
2020-02-27 10:11:00-05:00,136.465,136.465,136.465,136.465,300
2020-02-27 10:12:00-05:00,136.325,136.425,136.325,136.425,1352
2020-02-27 10:14:00-05:00,136.59,136.59,136.57,136.57,600
2020-02-27 10:16:00-05:00,136.335,136.335,136.335,136.335,250
2020-02-27 10:17:00-05:00,136.18,136.49,136.18,136.455,1601
2020-02-27 10:18:00-05:00,136.39,136.455,136.39,136.455,1100
2020-02-27 10:19:00-05:00,136.405,136.59,136.405,136.59,600
2020-02-27 10:20:00-05:00,136.595,136.595,136.51,136.51,300
2020-02-27 10:21:00-05:00,136.51,136.51,136.44,136.44,681
2020-02-27 10:22:00-05:00,136.545,136.545,136.43,136.43,200
2020-02-27 10:23:00-05:00,136.36,136.36,136.085,136.085,400
2020-02-27 10:24:00-05:00,136.11,136.42,136.11,136.42,802
2020-02-27 10:25:00-05:00,136.34,136.39,136.29,136.39,823
2020-02-27 10:26:00-05:00,136.25,136.25,136.12,136.12,650
2020-02-27 10:27:00-05:00,136.02,136.24,136.02,136.09,584
2020-02-27 10:28:00-05:00,136.18,136.19,136.13,136.19,250
2020-02-27 10:30:00-05:00,135.93,136.01,135.93,135.95,210
2020-02-27 10:31:00-05:00,135.725,135.74,135.655,135.675,2741
2020-02-27 10:32:00-05:00,135.64,135.64,135.47,135.47,2301
2020-02-27 10:33:00-05:00,135.42,135.42,135.3,135.4,625
2020-02-27 10:35:00-05:00,135.215,135.28,135.175,135.26,500
2020-02-27 10:36:00-05:00,135.385,135.79,135.385,135.79,705
2020-02-27 10:37:00-05:00,135.95,135.95,135.93,135.93,1000
2020-02-27 10:38:00-05:00,135.91,135.91,135.76,135.76,445
2020-02-27 10:39:00-05:00,135.76,135.99,135.76,135.99,1700
2020-02-27 10:40:00-05:00,136.02,136.055,135.915,135.915,729
2020-02-27 10:41:00-05:00,135.935,135.935,135.935,135.935,100
2020-02-27 10:42:00-05:00,135.755,135.825,135.65,135.65,330
2020-02-27 10:43:00-05:00,135.72,135.755,135.72,135.755,200
2020-02-27 10:44:00-05:00,135.955,136.01,135.89,135.89,203
2020-02-27 10:45:00-05:00,135.845,136.08,135.845,136.08,1500
2020-02-27 10:46:00-05:00,136.215,136.25,136.185,136.25,700
2020-02-27 10:47:00-05:00,136.425,136.56,136.36,136.425,604
2020-02-27 10:48:00-05:00,136.35,136.495,136.3,136.49,1000
2020-02-27 10:49:00-05:00,136.58,136.75,136.58,136.65,800
2020-02-27 10:50:00-05:00,136.57,136.75,136.57,136.75,800
2020-02-27 10:51:00-05:00,136.75,136.83,136.695,136.72,600
2020-02-27 10:52:00-05:00,136.61,136.67,136.56,136.67,1400
2020-02-27 10:53:00-05:00,136.63,136.645,136.49,136.49,1612
2020-02-27 10:54:00-05:00,136.405,136.405,136.27,136.31,2821
2020-02-27 10:55:00-05:00,136.2,136.2,136.17,136.17,200
2020-02-27 10:56:00-05:00,136.415,136.47,136.4,136.4,600
2020-02-27 10:57:00-05:00,136.64,136.68,136.545,136.545,271
2020-02-27 10:58:00-05:00,136.81,136.85,136.81,136.85,507
2020-02-27 10:59:00-05:00,136.77,137.06,136.77,137.045,238
2020-02-27 11:00:00-05:00,137.09,137.09,137.02,137.07,400
2020-02-27 11:01:00-05:00,137.075,137.39,137.075,137.39,700
2020-02-27 11:02:00-05:00,137.155,137.17,137.155,137.155,500
2020-02-27 11:03:00-05:00,137.075,137.19,137.075,137.19,300
2020-02-27 11:04:00-05:00,137.07,137.25,137.07,137.25,300
2020-02-27 11:05:00-05:00,137.22,137.22,137.17,137.17,400
2020-02-27 11:06:00-05:00,137.35,137.39,137.35,137.39,300
2020-02-27 11:07:00-05:00,137.5,137.5,137.4,137.475,319
2020-02-27 11:08:00-05:00,137.665,137.675,137.59,137.59,700
2020-02-27 11:09:00-05:00,137.65,137.72,137.6,137.72,1299
2020-02-27 11:10:00-05:00,137.44,137.44,137.44,137.44,100
2020-02-27 11:11:00-05:00,137.49,137.49,137.27,137.28,1300
2020-02-27 11:12:00-05:00,137.49,137.6,137.49,137.55,305
2020-02-27 11:13:00-05:00,137.515,137.515,137.285,137.33,2400
2020-02-27 11:14:00-05:00,137.39,137.615,137.35,137.615,605
2020-02-27 11:15:00-05:00,137.78,137.78,137.65,137.65,1000
2020-02-27 11:16:00-05:00,137.55,137.765,137.55,137.765,209
2020-02-27 11:17:00-05:00,137.635,137.75,137.535,137.535,914
2020-02-27 11:18:00-05:00,137.635,137.815,137.635,137.78,300
2020-02-27 11:19:00-05:00,137.71,137.72,137.71,137.72,400
2020-02-27 11:20:00-05:00,137.78,137.78,137.675,137.72,1100
2020-02-27 11:21:00-05:00,137.685,137.685,137.61,137.64,317
2020-02-27 11:22:00-05:00,137.59,137.76,137.59,137.745,700
2020-02-27 11:23:00-05:00,137.64,137.64,137.5,137.5,400
2020-02-27 11:24:00-05:00,137.54,137.54,137.45,137.45,506
2020-02-27 11:25:00-05:00,137.5,137.52,137.325,137.325,235
2020-02-27 11:26:00-05:00,137.46,137.48,137.36,137.36,400
2020-02-27 11:27:00-05:00,137.535,137.535,137.45,137.45,300
2020-02-27 11:28:00-05:00,137.515,137.515,137.325,137.325,800
2020-02-27 11:29:00-05:00,137.29,137.3,137.2,137.3,403
2020-02-27 11:30:00-05:00,137.33,137.36,137.27,137.27,705
2020-02-27 11:31:00-05:00,137.325,137.325,137.18,137.22,717
2020-02-27 11:32:00-05:00,137.27,137.415,137.27,137.325,310
2020-02-27 11:33:00-05:00,137.47,137.47,137.305,137.305,400
2020-02-27 11:34:00-05:00,137.21,137.21,137.21,137.21,4
2020-02-27 11:35:00-05:00,137.13,137.375,137.13,137.375,410
2020-02-27 11:36:00-05:00,137.21,137.21,137.05,137.05,200
2020-02-27 11:37:00-05:00,136.97,137.01,136.97,137.01,18
2020-02-27 11:38:00-05:00,137.01,137.05,137.01,137.05,101
2020-02-27 11:39:00-05:00,136.99,137.08,136.895,137.08,520
2020-02-27 11:40:00-05:00,137.035,137.285,137.035,137.135,902
2020-02-27 11:41:00-05:00,137.11,137.18,137.055,137.18,700
2020-02-27 11:42:00-05:00,137.12,137.15,137.1,137.15,1300
2020-02-27 11:43:00-05:00,137.155,137.16,136.89,136.9,1100
2020-02-27 11:44:00-05:00,136.81,136.89,136.79,136.89,500
2020-02-27 11:45:00-05:00,136.72,136.72,136.535,136.535,300
2020-02-27 11:46:00-05:00,136.68,136.69,136.535,136.59,3700
2020-02-27 11:47:00-05:00,136.525,136.835,136.525,136.835,600
2020-02-27 11:48:00-05:00,136.765,136.87,136.765,136.87,300
2020-02-27 11:49:00-05:00,136.88,137.09,136.845,137.09,800
2020-02-27 11:50:00-05:00,137.03,137.03,136.86,136.86,300
2020-02-27 11:51:00-05:00,136.93,137.21,136.93,137.21,700
2020-02-27 11:52:00-05:00,137.08,137.24,137.08,137.24,600
2020-02-27 11:53:00-05:00,137.175,137.175,137.175,137.175,100
2020-02-27 11:54:00-05:00,137.23,137.27,137.19,137.19,401
2020-02-27 11:55:00-05:00,137.18,137.2,137.18,137.19,212
2020-02-27 11:56:00-05:00,137.21,137.21,137.21,137.21,100
2020-02-27 11:57:00-05:00,137.315,137.33,137.27,137.27,500
2020-02-27 11:58:00-05:00,137.35,137.35,137.33,137.34,500
2020-02-27 11:59:00-05:00,137.58,137.59,137.58,137.59,150
2020-02-27 12:00:00-05:00,137.47,137.535,137.47,137.525,2100
2020-02-27 12:01:00-05:00,137.52,137.52,137.49,137.49,200
2020-02-27 12:02:00-05:00,137.71,137.72,137.71,137.72,200
2020-02-27 12:03:00-05:00,137.65,137.72,137.64,137.72,345
2020-02-27 12:04:00-05:00,137.55,137.735,137.545,137.7,500
2020-02-27 12:05:00-05:00,137.68,137.68,137.62,137.675,600
2020-02-27 12:06:00-05:00,137.715,137.865,137.715,137.865,400
2020-02-27 12:07:00-05:00,137.77,137.855,137.77,137.855,500
2020-02-27 12:08:00-05:00,137.94,137.97,137.94,137.97,200
2020-02-27 12:09:00-05:00,138.05,138.18,138.05,138.18,300
2020-02-27 12:10:00-05:00,138.27,138.405,138.27,138.405,600
2020-02-27 12:11:00-05:00,138.35,138.35,138.19,138.19,1300
2020-02-27 12:12:00-05:00,138.34,138.34,138.34,138.34,100
2020-02-27 12:13:00-05:00,138.27,138.375,138.27,138.375,1400
2020-02-27 12:14:00-05:00,138.34,138.49,138.34,138.485,1210
2020-02-27 12:15:00-05:00,138.515,138.515,138.305,138.305,600
2020-02-27 12:16:00-05:00,138.3,138.3,138.17,138.235,800
2020-02-27 12:17:00-05:00,138.2,138.31,138.2,138.31,400
2020-02-27 12:18:00-05:00,138.33,138.33,138.29,138.31,313
2020-02-27 12:19:00-05:00,138.32,138.365,138.3,138.3,1630
2020-02-27 12:20:00-05:00,138.285,138.295,138.07,138.07,520
2020-02-27 12:21:00-05:00,138.08,138.08,137.865,137.95,792
2020-02-27 12:23:00-05:00,137.82,137.85,137.82,137.85,300
2020-02-27 12:24:00-05:00,137.76,137.76,137.62,137.63,202
2020-02-27 12:25:00-05:00,137.855,137.99,137.855,137.96,700
2020-02-27 12:27:00-05:00,138.025,138.035,137.995,137.995,1334
2020-02-27 12:28:00-05:00,137.84,138.005,137.84,138.005,1100
2020-02-27 12:29:00-05:00,138.0,138.01,138.0,138.01,900
2020-02-27 12:30:00-05:00,138.05,138.135,138.05,138.135,300
2020-02-27 12:31:00-05:00,138.07,138.1,138.07,138.1,355
2020-02-27 12:32:00-05:00,138.21,138.255,138.205,138.255,400
2020-02-27 12:33:00-05:00,138.17,138.35,138.17,138.35,200
2020-02-27 12:35:00-05:00,138.19,138.19,138.19,138.19,100
2020-02-27 12:36:00-05:00,138.29,138.46,138.29,138.43,300
2020-02-27 12:37:00-05:00,138.43,138.44,138.38,138.44,300
2020-02-27 12:38:00-05:00,138.475,138.56,138.47,138.56,4595
2020-02-27 12:39:00-05:00,138.51,138.665,138.51,138.665,1647
2020-02-27 12:40:00-05:00,138.55,138.55,138.385,138.4,369
2020-02-27 12:41:00-05:00,138.38,138.38,138.38,138.38,100
2020-02-27 12:42:00-05:00,138.395,138.395,138.285,138.285,154
2020-02-27 12:43:00-05:00,138.3,138.3,138.21,138.21,200
2020-02-27 12:44:00-05:00,138.01,138.01,138.01,138.01,100
2020-02-27 12:45:00-05:00,137.865,137.865,137.835,137.835,101
2020-02-27 12:46:00-05:00,137.92,137.93,137.92,137.93,303
2020-02-27 12:47:00-05:00,137.85,138.0,137.85,138.0,700
2020-02-27 12:49:00-05:00,138.11,138.17,138.065,138.17,206
2020-02-27 12:50:00-05:00,138.22,138.22,138.08,138.08,109
2020-02-27 12:51:00-05:00,138.1,138.1,137.91,138.02,765
2020-02-27 12:52:00-05:00,138.125,138.125,138.01,138.01,234
2020-02-27 12:53:00-05:00,138.11,138.11,138.03,138.03,206
2020-02-27 12:54:00-05:00,138.02,138.065,137.945,137.97,649
2020-02-27 12:55:00-05:00,137.94,138.015,137.94,137.97,461
2020-02-27 12:56:00-05:00,137.9,137.98,137.9,137.98,400
2020-02-27 12:57:00-05:00,137.92,137.92,137.92,137.92,200
2020-02-27 12:58:00-05:00,137.79,137.79,137.745,137.745,200
2020-02-27 12:59:00-05:00,137.58,137.58,137.525,137.525,300
2020-02-27 13:00:00-05:00,137.545,137.545,137.4,137.4,300
2020-02-27 13:01:00-05:00,137.36,137.36,137.36,137.36,100
2020-02-27 13:02:00-05:00,137.505,137.51,137.505,137.51,400
2020-02-27 13:03:00-05:00,137.59,137.715,137.59,137.695,900
2020-02-27 13:05:00-05:00,137.77,137.77,137.74,137.74,300
2020-02-27 13:06:00-05:00,137.89,137.89,137.89,137.89,219
2020-02-27 13:07:00-05:00,138.045,138.045,137.94,137.94,790
2020-02-27 13:09:00-05:00,137.92,137.92,137.92,137.92,400
2020-02-27 13:10:00-05:00,138.06,138.145,138.06,138.12,383
2020-02-27 13:11:00-05:00,138.04,138.065,138.04,138.055,396
2020-02-27 13:12:00-05:00,138.0,138.0,137.985,137.99,408
2020-02-27 13:13:00-05:00,138.08,138.12,138.075,138.075,863
2020-02-27 13:14:00-05:00,138.09,138.09,138.09,138.09,215
2020-02-27 13:15:00-05:00,138.1,138.125,137.93,137.93,668
2020-02-27 13:16:00-05:00,137.77,137.77,137.77,137.77,200
2020-02-27 13:17:00-05:00,137.76,137.76,137.76,137.76,100
2020-02-27 13:18:00-05:00,137.645,137.645,137.645,137.645,300
2020-02-27 13:20:00-05:00,137.68,137.685,137.67,137.685,1999
2020-02-27 13:21:00-05:00,137.71,137.735,137.64,137.735,553
2020-02-27 13:22:00-05:00,137.63,137.63,137.63,137.63,37
2020-02-27 13:23:00-05:00,137.52,137.52,137.52,137.52,29
2020-02-27 13:28:00-05:00,137.4,137.4,137.4,137.4,100
2020-02-27 13:30:00-05:00,137.33,137.33,137.33,137.33,100
2020-02-27 13:31:00-05:00,137.24,137.36,137.24,137.33,301
2020-02-27 13:32:00-05:00,137.48,137.57,137.48,137.57,108
2020-02-27 13:33:00-05:00,137.41,137.41,137.41,137.41,100
2020-02-27 13:34:00-05:00,137.385,137.39,137.385,137.39,200
2020-02-27 13:35:00-05:00,137.3,137.3,137.3,137.3,100
2020-02-27 13:36:00-05:00,137.245,137.245,137.245,137.245,31
2020-02-27 13:38:00-05:00,136.89,136.89,136.89,136.89,100
2020-02-27 13:40:00-05:00,136.97,136.97,136.97,136.97,400
2020-02-27 13:46:00-05:00,136.15,136.615,136.15,136.615,574
2020-02-27 13:47:00-05:00,136.48,136.54,136.48,136.48,656
2020-02-27 13:48:00-05:00,136.55,136.55,136.55,136.55,15
2020-02-27 13:49:00-05:00,136.48,136.48,136.48,136.48,100
2020-02-27 13:50:00-05:00,136.46,136.46,136.46,136.46,100
2020-02-27 13:52:00-05:00,136.17,136.17,136.16,136.16,364
2020-02-27 13:53:00-05:00,136.35,136.35,136.35,136.35,200
2020-02-27 13:57:00-05:00,136.33,136.33,136.33,136.33,100
2020-02-27 14:01:00-05:00,135.67,135.67,135.67,135.67,63
2020-02-27 14:02:00-05:00,135.98,136.04,135.98,136.025,154
2020-02-27 14:03:00-05:00,135.985,135.985,135.985,135.985,50
2020-02-27 14:04:00-05:00,135.72,135.725,135.72,135.72,150
2020-02-27 14:05:00-05:00,136.04,136.04,136.04,136.04,100
2020-02-27 14:07:00-05:00,135.98,135.98,135.925,135.93,245
2020-02-27 14:08:00-05:00,135.89,135.89,135.89,135.89,70
2020-02-27 14:09:00-05:00,135.75,135.75,135.62,135.68,300
2020-02-27 14:11:00-05:00,135.81,135.81,135.81,135.81,100
2020-02-27 14:12:00-05:00,135.68,135.8,135.68,135.8,24
2020-02-27 14:13:00-05:00,135.81,135.81,135.81,135.81,100
2020-02-27 14:14:00-05:00,135.97,135.97,135.97,135.97,100
2020-02-27 14:15:00-05:00,135.935,136.07,135.935,136.07,200
2020-02-27 14:16:00-05:00,135.92,135.92,135.92,135.92,100
2020-02-27 14:17:00-05:00,135.7,136.015,135.7,136.015,330
2020-02-27 14:18:00-05:00,136.01,136.01,135.74,135.74,301
2020-02-27 14:19:00-05:00,135.7,135.7,135.5,135.5,371
2020-02-27 14:20:00-05:00,135.61,135.67,135.5,135.5,2267
2020-02-27 14:21:00-05:00,135.49,135.49,135.335,135.42,4145
2020-02-27 14:22:00-05:00,135.495,135.495,135.45,135.46,2400
2020-02-27 14:23:00-05:00,135.73,135.73,135.655,135.655,1119
2020-02-27 14:24:00-05:00,135.73,135.73,135.73,135.73,17
2020-02-27 14:25:00-05:00,135.85,135.875,135.85,135.875,413
2020-02-27 14:26:00-05:00,135.91,136.07,135.91,136.07,500
2020-02-27 14:27:00-05:00,136.11,136.11,135.95,135.95,303
2020-02-27 14:28:00-05:00,136.045,136.045,136.0,136.0,500
2020-02-27 14:29:00-05:00,136.09,136.09,136.01,136.025,676
2020-02-27 14:30:00-05:00,135.92,135.92,135.83,135.84,1100
2020-02-27 14:31:00-05:00,135.73,135.73,135.73,135.73,200
2020-02-27 14:32:00-05:00,135.78,135.78,135.72,135.72,700
2020-02-27 14:33:00-05:00,135.54,135.54,135.54,135.54,100
2020-02-27 14:34:00-05:00,135.68,135.68,135.66,135.66,100
2020-02-27 14:35:00-05:00,135.725,135.76,135.725,135.76,300
2020-02-27 14:36:00-05:00,135.77,135.79,135.77,135.79,200
2020-02-27 14:37:00-05:00,135.73,135.73,135.68,135.68,300
2020-02-27 14:38:00-05:00,135.75,135.78,135.75,135.78,300
2020-02-27 14:39:00-05:00,135.67,135.7,135.665,135.7,700
2020-02-27 14:40:00-05:00,135.59,135.59,135.45,135.455,550
2020-02-27 14:41:00-05:00,135.455,135.59,135.435,135.545,963
2020-02-27 14:42:00-05:00,135.655,135.655,135.635,135.635,1100
2020-02-27 14:43:00-05:00,135.665,135.665,135.665,135.665,100
2020-02-27 14:44:00-05:00,135.68,135.68,135.6,135.6,400
2020-02-27 14:45:00-05:00,135.51,135.51,135.49,135.5,300
2020-02-27 14:46:00-05:00,135.43,135.45,135.43,135.45,343
2020-02-27 14:47:00-05:00,135.41,135.41,135.25,135.25,324
2020-02-27 14:48:00-05:00,135.28,135.28,135.145,135.28,447
2020-02-27 14:49:00-05:00,135.36,135.36,135.35,135.35,100
2020-02-27 14:50:00-05:00,135.485,135.485,135.39,135.39,103
2020-02-27 14:51:00-05:00,135.225,135.29,135.22,135.22,126
2020-02-27 14:52:00-05:00,135.15,135.22,135.15,135.22,673
2020-02-27 14:53:00-05:00,135.19,135.23,135.19,135.2,306
2020-02-27 14:54:00-05:00,135.21,135.235,135.21,135.235,373
2020-02-27 14:55:00-05:00,135.115,135.115,135.05,135.05,865
2020-02-27 14:56:00-05:00,135.005,135.005,135.0,135.0,87
2020-02-27 14:57:00-05:00,135.0,135.0,134.96,134.96,200
2020-02-27 14:58:00-05:00,134.74,134.75,134.7,134.72,602
2020-02-27 14:59:00-05:00,134.725,134.77,134.71,134.77,1504
2020-02-27 15:00:00-05:00,134.67,134.73,134.66,134.73,1452
2020-02-27 15:01:00-05:00,134.66,134.66,134.61,134.61,500
2020-02-27 15:02:00-05:00,134.69,134.69,134.55,134.55,552
2020-02-27 15:03:00-05:00,134.635,134.635,134.62,134.62,400
2020-02-27 15:04:00-05:00,134.685,134.81,134.68,134.81,244
2020-02-27 15:05:00-05:00,134.74,134.74,134.74,134.74,100
2020-02-27 15:07:00-05:00,135.05,135.05,135.05,135.05,100
2020-02-27 15:08:00-05:00,135.11,135.17,135.11,135.17,380
2020-02-27 15:09:00-05:00,135.24,135.27,135.17,135.27,329
2020-02-27 15:10:00-05:00,135.34,135.34,135.25,135.26,255
2020-02-27 15:11:00-05:00,135.34,135.34,135.34,135.34,100
2020-02-27 15:12:00-05:00,135.44,135.51,135.44,135.51,330
2020-02-27 15:13:00-05:00,135.55,135.55,135.55,135.55,50
2020-02-27 15:14:00-05:00,135.36,135.42,135.27,135.27,372
2020-02-27 15:15:00-05:00,135.27,135.27,135.27,135.27,100
2020-02-27 15:16:00-05:00,135.4,135.4,135.36,135.36,107
2020-02-27 15:17:00-05:00,135.42,135.42,135.42,135.42,100
2020-02-27 15:18:00-05:00,135.32,135.33,135.31,135.31,300
2020-02-27 15:19:00-05:00,135.24,135.25,135.11,135.11,500
2020-02-27 15:20:00-05:00,135.19,135.19,135.17,135.17,408
2020-02-27 15:21:00-05:00,135.14,135.14,135.085,135.085,200
2020-02-27 15:22:00-05:00,135.045,135.125,135.045,135.125,400
2020-02-27 15:23:00-05:00,134.99,134.99,134.99,134.99,100
2020-02-27 15:24:00-05:00,135.19,135.19,135.17,135.17,132
2020-02-27 15:25:00-05:00,135.11,135.21,135.11,135.17,205
2020-02-27 15:26:00-05:00,135.08,135.1,135.08,135.1,306
2020-02-27 15:27:00-05:00,135.065,135.065,134.99,135.01,626
2020-02-27 15:28:00-05:00,134.99,134.99,134.85,134.85,230
2020-02-27 15:29:00-05:00,134.92,134.92,134.92,134.92,100
2020-02-27 15:30:00-05:00,134.75,134.75,134.715,134.715,204
2020-02-27 15:31:00-05:00,134.72,134.73,134.65,134.73,608
2020-02-27 15:32:00-05:00,134.65,134.65,134.64,134.64,104
2020-02-27 15:33:00-05:00,134.63,134.805,134.63,134.805,800
2020-02-27 15:34:00-05:00,134.89,134.9,134.89,134.9,300
2020-02-27 15:35:00-05:00,134.81,134.85,134.81,134.845,182
2020-02-27 15:36:00-05:00,134.87,134.89,134.855,134.855,392
2020-02-27 15:37:00-05:00,134.87,134.87,134.73,134.73,400
2020-02-27 15:38:00-05:00,134.7,134.7,134.56,134.56,293
2020-02-27 15:39:00-05:00,134.59,134.635,134.59,134.635,200
2020-02-27 15:40:00-05:00,134.61,134.62,134.51,134.51,300
2020-02-27 15:41:00-05:00,134.47,134.485,134.41,134.485,1875
2020-02-27 15:42:00-05:00,134.51,134.54,134.43,134.43,574
2020-02-27 15:43:00-05:00,134.44,134.44,134.33,134.33,553
2020-02-27 15:44:00-05:00,134.33,134.41,134.33,134.33,507
2020-02-27 15:45:00-05:00,134.3,134.71,134.3,134.38,1342
2020-02-27 15:46:00-05:00,134.33,134.37,134.29,134.31,500
2020-02-27 15:47:00-05:00,134.43,134.57,134.43,134.57,700
2020-02-27 15:48:00-05:00,134.595,134.61,134.49,134.575,400
2020-02-27 15:49:00-05:00,134.63,134.68,134.5,134.5,956
2020-02-27 15:50:00-05:00,134.61,134.61,134.22,134.26,1150
2020-02-27 15:51:00-05:00,134.16,134.16,134.0,134.0,806
2020-02-27 15:52:00-05:00,133.97,134.0,133.91,134.0,640
2020-02-27 15:53:00-05:00,133.85,133.965,133.73,133.87,883
2020-02-27 15:54:00-05:00,133.84,134.05,133.84,133.98,737
2020-02-27 15:55:00-05:00,134.01,134.02,133.89,133.95,1656
2020-02-27 15:56:00-05:00,133.95,134.02,133.82,133.855,4426
2020-02-27 15:57:00-05:00,133.87,133.87,133.55,133.55,5149
2020-02-27 15:58:00-05:00,133.59,133.6,133.38,133.485,4372
2020-02-27 15:59:00-05:00,133.43,133.55,133.02,133.02,5309
2020-02-28 09:30:00-05:00,129.51,129.56,129.51,129.56,200
2020-02-28 09:31:00-05:00,129.58,129.61,129.21,129.61,2189
2020-02-28 09:32:00-05:00,129.15,129.31,129.15,129.31,800
2020-02-28 09:33:00-05:00,129.485,129.76,129.34,129.43,242
2020-02-28 09:34:00-05:00,129.85,129.93,129.85,129.93,149
2020-02-28 09:35:00-05:00,129.99,129.99,129.795,129.795,600
2020-02-28 09:36:00-05:00,129.75,130.0,129.7,129.94,998
2020-02-28 09:37:00-05:00,129.66,129.8,129.58,129.8,921
2020-02-28 09:38:00-05:00,129.74,130.04,129.74,130.04,347
2020-02-28 09:39:00-05:00,129.91,130.02,129.82,129.82,400
2020-02-28 09:40:00-05:00,129.74,129.74,129.42,129.42,410
2020-02-28 09:41:00-05:00,129.46,129.66,129.45,129.66,854
2020-02-28 09:42:00-05:00,129.97,129.97,129.68,129.68,361
2020-02-28 09:43:00-05:00,129.79,129.8,129.62,129.655,204
2020-02-28 09:44:00-05:00,129.555,129.555,129.07,129.08,701
2020-02-28 09:45:00-05:00,128.98,129.11,128.63,128.63,1086
2020-02-28 09:46:00-05:00,128.62,129.015,128.6,129.015,2000
2020-02-28 09:47:00-05:00,128.705,129.3,128.705,129.3,1575
2020-02-28 09:48:00-05:00,129.19,129.2,128.7,128.7,3310
2020-02-28 09:49:00-05:00,128.71,128.79,128.62,128.62,650
2020-02-28 09:50:00-05:00,128.67,128.74,128.28,128.28,507
2020-02-28 09:51:00-05:00,128.48,128.93,128.48,128.93,400
2020-02-28 09:52:00-05:00,129.09,129.26,129.02,129.12,1535
2020-02-28 09:53:00-05:00,128.755,128.8,128.465,128.465,1463
2020-02-28 09:54:00-05:00,128.575,128.575,128.21,128.3,700
2020-02-28 09:55:00-05:00,128.205,128.205,127.9,128.005,1529
2020-02-28 09:56:00-05:00,128.14,128.22,128.02,128.02,235
2020-02-28 09:57:00-05:00,127.76,127.76,127.45,127.45,401
2020-02-28 09:58:00-05:00,127.52,127.58,127.52,127.58,200
2020-02-28 09:59:00-05:00,127.6,127.63,127.35,127.63,1725
2020-02-28 10:00:00-05:00,127.47,127.47,127.38,127.44,303
2020-02-28 10:01:00-05:00,127.34,127.36,127.26,127.35,575
2020-02-28 10:02:00-05:00,127.21,127.21,126.655,126.655,1222
2020-02-28 10:03:00-05:00,126.83,127.01,126.76,126.855,1400
2020-02-28 10:04:00-05:00,126.76,127.0,126.64,126.64,1007
2020-02-28 10:05:00-05:00,126.62,127.5,126.55,127.5,5303
2020-02-28 10:06:00-05:00,127.5,127.52,127.035,127.035,1342
2020-02-28 10:07:00-05:00,127.04,127.33,126.93,127.27,1503
2020-02-28 10:08:00-05:00,127.07,127.22,127.01,127.06,1000
2020-02-28 10:09:00-05:00,127.175,127.4,127.06,127.4,2826
2020-02-28 10:10:00-05:00,127.19,127.405,127.165,127.185,900
2020-02-28 10:11:00-05:00,127.12,127.24,127.02,127.105,1200
2020-02-28 10:12:00-05:00,127.09,127.095,126.8,126.8,800
2020-02-28 10:13:00-05:00,127.06,127.13,126.975,127.06,1253
2020-02-28 10:14:00-05:00,126.95,127.085,126.94,127.085,1158
2020-02-28 10:15:00-05:00,127.01,127.53,127.01,127.525,912
2020-02-28 10:16:00-05:00,127.525,127.98,127.525,127.96,5280
2020-02-28 10:17:00-05:00,127.78,128.07,127.78,128.07,828
2020-02-28 10:18:00-05:00,128.095,128.115,127.955,128.06,3594
2020-02-28 10:19:00-05:00,127.98,127.98,127.625,127.65,540
2020-02-28 10:20:00-05:00,127.89,127.89,127.61,127.61,2043
2020-02-28 10:21:00-05:00,127.785,127.785,127.71,127.74,410
2020-02-28 10:22:00-05:00,127.49,127.53,127.36,127.52,1000
2020-02-28 10:24:00-05:00,127.23,127.23,127.21,127.22,400
2020-02-28 10:25:00-05:00,127.42,127.64,127.42,127.59,314
2020-02-28 10:26:00-05:00,127.64,127.64,127.485,127.485,207
2020-02-28 10:28:00-05:00,127.22,127.42,127.22,127.28,463
2020-02-28 10:29:00-05:00,127.16,127.16,126.67,126.67,887
2020-02-28 10:30:00-05:00,126.6,127.03,126.6,127.03,557
2020-02-28 10:31:00-05:00,127.15,127.245,127.14,127.245,312
2020-02-28 10:32:00-05:00,127.04,127.195,127.04,127.195,300
2020-02-28 10:33:00-05:00,127.28,127.65,127.23,127.65,329
2020-02-28 10:34:00-05:00,127.47,127.47,127.31,127.31,261
2020-02-28 10:35:00-05:00,127.78,127.78,127.55,127.55,477
2020-02-28 10:36:00-05:00,127.365,127.37,127.32,127.37,500
2020-02-28 10:37:00-05:00,127.61,127.64,127.355,127.475,400
2020-02-28 10:38:00-05:00,127.59,127.59,127.13,127.13,400
2020-02-28 10:39:00-05:00,127.055,127.065,127.055,127.065,300
2020-02-28 10:41:00-05:00,127.235,127.235,127.035,127.035,272
2020-02-28 10:42:00-05:00,126.91,126.91,126.91,126.91,100
2020-02-28 10:43:00-05:00,126.75,126.88,126.705,126.88,600
2020-02-28 10:44:00-05:00,126.825,126.96,126.64,126.64,1604
2020-02-28 10:45:00-05:00,126.78,126.78,126.58,126.605,500
2020-02-28 10:46:00-05:00,126.53,126.685,126.53,126.685,212
2020-02-28 10:47:00-05:00,126.78,126.835,126.56,126.835,562
2020-02-28 10:48:00-05:00,126.805,126.86,126.47,126.47,600
2020-02-28 10:49:00-05:00,126.635,126.7,126.57,126.6,939
2020-02-28 10:50:00-05:00,126.54,126.775,126.54,126.775,600
2020-02-28 10:51:00-05:00,126.78,127.06,126.775,127.06,920
2020-02-28 10:52:00-05:00,127.22,127.26,127.13,127.225,974
2020-02-28 10:53:00-05:00,127.21,127.48,127.21,127.48,400
2020-02-28 10:54:00-05:00,127.56,127.72,127.56,127.72,350
2020-02-28 10:55:00-05:00,127.665,127.845,127.65,127.65,900
2020-02-28 10:56:00-05:00,127.715,127.715,127.715,127.715,100
2020-02-28 10:57:00-05:00,127.63,127.855,127.63,127.855,505
2020-02-28 10:58:00-05:00,127.78,127.78,127.645,127.645,300
2020-02-28 10:59:00-05:00,127.97,128.05,127.97,128.05,200
2020-02-28 11:00:00-05:00,127.95,127.95,127.9,127.9,400
2020-02-28 11:01:00-05:00,127.785,127.785,127.61,127.61,860
2020-02-28 11:02:00-05:00,127.345,127.45,127.22,127.3,970
2020-02-28 11:03:00-05:00,127.385,127.55,127.28,127.28,1300
2020-02-28 11:04:00-05:00,127.48,127.54,127.295,127.54,707
2020-02-28 11:05:00-05:00,127.205,127.28,127.2,127.2,300
2020-02-28 11:06:00-05:00,127.22,127.25,127.115,127.115,510
2020-02-28 11:07:00-05:00,127.09,127.16,127.09,127.16,229
2020-02-28 11:08:00-05:00,127.18,127.18,127.03,127.03,420
2020-02-28 11:09:00-05:00,127.08,127.14,127.045,127.08,953
2020-02-28 11:10:00-05:00,127.18,127.42,127.18,127.295,445
2020-02-28 11:11:00-05:00,127.41,127.665,127.41,127.63,501
2020-02-28 11:12:00-05:00,127.87,127.925,127.75,127.75,400
2020-02-28 11:13:00-05:00,127.65,127.74,127.465,127.73,1357
2020-02-28 11:14:00-05:00,127.49,127.725,127.49,127.725,300
2020-02-28 11:15:00-05:00,127.74,128.025,127.74,128.025,600
2020-02-28 11:16:00-05:00,128.075,128.1,128.075,128.1,300
2020-02-28 11:17:00-05:00,128.07,128.07,128.0,128.0,200
2020-02-28 11:18:00-05:00,127.93,128.18,127.905,128.18,1094
2020-02-28 11:19:00-05:00,128.045,128.355,128.045,128.355,700
2020-02-28 11:20:00-05:00,128.425,128.44,128.395,128.415,600
2020-02-28 11:21:00-05:00,128.37,128.46,128.34,128.42,900
2020-02-28 11:22:00-05:00,128.39,128.39,128.2,128.2,400
2020-02-28 11:23:00-05:00,128.12,128.315,128.11,128.315,900
2020-02-28 11:24:00-05:00,128.305,128.46,128.305,128.355,1300
2020-02-28 11:25:00-05:00,128.415,128.415,128.19,128.19,426
2020-02-28 11:26:00-05:00,128.175,128.245,128.11,128.245,2258
2020-02-28 11:27:00-05:00,128.33,128.33,128.33,128.33,236
2020-02-28 11:28:00-05:00,128.455,128.455,128.38,128.38,1206
2020-02-28 11:29:00-05:00,128.54,128.6,128.54,128.6,249
2020-02-28 11:30:00-05:00,128.88,129.005,128.88,129.005,232
2020-02-28 11:31:00-05:00,129.065,129.115,129.065,129.105,900
2020-02-28 11:32:00-05:00,129.175,129.27,129.175,129.205,1900
2020-02-28 11:33:00-05:00,129.14,129.15,128.96,128.96,1617
2020-02-28 11:34:00-05:00,129.035,129.035,129.035,129.035,100
2020-02-28 11:35:00-05:00,128.805,128.805,128.735,128.735,186
2020-02-28 11:36:00-05:00,128.92,129.075,128.91,128.91,310
2020-02-28 11:37:00-05:00,129.23,129.415,129.23,129.415,500
2020-02-28 11:38:00-05:00,129.615,129.615,129.615,129.615,176
2020-02-28 11:39:00-05:00,129.87,129.875,129.87,129.875,500
2020-02-28 11:40:00-05:00,130.0,130.0,130.0,130.0,200
2020-02-28 11:41:00-05:00,130.1,130.235,130.1,130.235,300
2020-02-28 11:42:00-05:00,130.28,130.48,130.28,130.48,159
2020-02-28 11:43:00-05:00,130.75,130.75,130.75,130.75,10
2020-02-28 11:44:00-05:00,130.81,130.91,130.57,130.57,160
2020-02-28 11:45:00-05:00,130.305,130.345,130.305,130.345,171
2020-02-28 11:46:00-05:00,130.21,130.21,130.125,130.125,387
2020-02-28 11:47:00-05:00,129.775,129.88,129.775,129.785,429
2020-02-28 11:48:00-05:00,129.8,129.8,129.545,129.72,929
2020-02-28 11:49:00-05:00,129.71,129.71,129.68,129.68,93
2020-02-28 11:50:00-05:00,129.84,129.86,129.84,129.84,210
2020-02-28 11:51:00-05:00,129.79,129.79,129.79,129.79,100
2020-02-28 11:52:00-05:00,129.26,129.26,129.02,129.02,900
2020-02-28 11:53:00-05:00,128.86,128.865,128.73,128.865,600
2020-02-28 11:54:00-05:00,128.8,128.8,128.73,128.73,60
2020-02-28 11:55:00-05:00,128.87,128.87,128.87,128.87,10
2020-02-28 11:57:00-05:00,128.54,128.7,128.52,128.7,329
2020-02-28 11:58:00-05:00,128.78,128.78,128.78,128.78,100
2020-02-28 11:59:00-05:00,128.81,128.83,128.81,128.83,300
2020-02-28 12:00:00-05:00,128.75,128.75,128.75,128.75,100
2020-02-28 12:02:00-05:00,128.56,128.56,128.38,128.38,200
2020-02-28 12:03:00-05:00,128.035,128.19,128.035,128.19,200
2020-02-28 12:04:00-05:00,128.61,128.64,128.41,128.41,3150
2020-02-28 12:05:00-05:00,128.525,128.57,128.34,128.34,923
2020-02-28 12:06:00-05:00,128.32,128.505,128.28,128.505,900
2020-02-28 12:07:00-05:00,128.47,128.485,128.39,128.39,1000
2020-02-28 12:11:00-05:00,128.23,128.23,128.17,128.17,101
2020-02-28 12:12:00-05:00,128.18,128.18,128.18,128.18,50
2020-02-28 12:13:00-05:00,128.25,128.27,128.25,128.27,200
2020-02-28 12:16:00-05:00,128.185,128.185,128.185,128.185,10
2020-02-28 12:18:00-05:00,128.38,128.38,128.38,128.38,100
2020-02-28 12:20:00-05:00,129.06,129.06,128.84,128.84,200
2020-02-28 12:21:00-05:00,128.87,128.87,128.87,128.87,10
2020-02-28 12:23:00-05:00,128.97,128.97,128.97,128.97,20
2020-02-28 12:24:00-05:00,128.92,128.92,128.83,128.83,140
2020-02-28 12:25:00-05:00,128.67,128.67,128.67,128.67,129
2020-02-28 12:27:00-05:00,129.02,129.02,128.98,129.01,408
2020-02-28 12:28:00-05:00,129.01,129.13,128.995,129.08,1497
2020-02-28 12:29:00-05:00,129.035,129.185,129.035,129.185,1200
2020-02-28 12:30:00-05:00,129.24,129.435,129.24,129.32,1409
2020-02-28 12:31:00-05:00,129.35,129.38,129.155,129.245,1295
2020-02-28 12:32:00-05:00,129.26,129.3,129.26,129.3,1600
2020-02-28 12:33:00-05:00,129.47,129.47,129.31,129.395,900
2020-02-28 12:34:00-05:00,129.45,129.46,129.06,129.06,1700
2020-02-28 12:35:00-05:00,129.325,129.325,129.325,129.325,100
2020-02-28 12:38:00-05:00,129.77,129.77,129.77,129.77,10
2020-02-28 12:41:00-05:00,129.81,129.81,129.79,129.79,300
2020-02-28 12:42:00-05:00,129.6,129.6,129.6,129.6,100
2020-02-28 12:44:00-05:00,129.33,129.33,129.33,129.33,100
2020-02-28 12:46:00-05:00,129.065,129.065,129.04,129.04,200
2020-02-28 12:47:00-05:00,128.99,129.0,128.95,128.99,320
2020-02-28 12:48:00-05:00,128.995,128.995,128.74,128.74,400
2020-02-28 12:49:00-05:00,128.675,128.675,128.625,128.65,850
2020-02-28 12:50:00-05:00,128.895,128.94,128.895,128.9,350
2020-02-28 12:51:00-05:00,128.92,128.92,128.92,128.92,100
2020-02-28 12:52:00-05:00,129.195,129.195,129.17,129.17,200
2020-02-28 12:53:00-05:00,129.11,129.32,129.11,129.32,200
2020-02-28 12:54:00-05:00,129.05,129.12,129.05,129.12,106
2020-02-28 12:55:00-05:00,129.32,129.365,129.31,129.31,400
2020-02-28 12:56:00-05:00,129.57,129.57,129.535,129.535,400
2020-02-28 12:57:00-05:00,129.67,129.67,129.56,129.6,345
2020-02-28 12:58:00-05:00,129.75,129.875,129.75,129.775,880
2020-02-28 12:59:00-05:00,129.845,129.845,129.75,129.79,441
2020-02-28 13:00:00-05:00,129.705,129.8,129.705,129.8,200
2020-02-28 13:01:00-05:00,129.895,129.895,129.895,129.895,100
2020-02-28 13:02:00-05:00,129.83,129.83,129.34,129.34,200
2020-02-28 13:03:00-05:00,129.28,129.28,129.27,129.27,200
2020-02-28 13:04:00-05:00,129.35,129.35,129.35,129.35,200
2020-02-28 13:05:00-05:00,129.19,129.395,129.19,129.395,500
2020-02-28 13:06:00-05:00,129.34,129.4,129.34,129.4,403
2020-02-28 13:07:00-05:00,129.455,129.495,129.385,129.465,400
2020-02-28 13:08:00-05:00,129.68,129.68,129.68,129.68,100
2020-02-28 13:09:00-05:00,129.875,129.875,129.63,129.63,500
2020-02-28 13:10:00-05:00,129.64,129.64,129.36,129.48,1245
2020-02-28 13:11:00-05:00,129.475,129.58,129.475,129.58,200
2020-02-28 13:12:00-05:00,129.555,129.58,129.49,129.52,875
2020-02-28 13:13:00-05:00,129.46,129.545,129.41,129.41,700
2020-02-28 13:14:00-05:00,129.16,129.16,129.1,129.1,200
2020-02-28 13:15:00-05:00,128.975,128.975,128.975,128.975,144
2020-02-28 13:16:00-05:00,129.08,129.085,129.08,129.085,110
2020-02-28 13:17:00-05:00,129.05,129.31,129.05,129.27,949
2020-02-28 13:18:00-05:00,129.41,129.66,129.41,129.66,200
2020-02-28 13:19:00-05:00,129.82,129.82,129.81,129.81,200
2020-02-28 13:21:00-05:00,129.53,129.53,129.53,129.53,10
2020-02-28 13:25:00-05:00,129.5,129.5,129.5,129.5,10
2020-02-28 13:26:00-05:00,129.63,129.69,129.63,129.69,75
2020-02-28 13:27:00-05:00,129.78,129.78,129.695,129.695,200
2020-02-28 13:29:00-05:00,129.36,129.36,129.26,129.26,410
2020-02-28 13:30:00-05:00,128.94,128.94,128.795,128.795,400
2020-02-28 13:32:00-05:00,128.855,128.855,128.715,128.715,200
2020-02-28 13:33:00-05:00,128.66,128.66,128.58,128.58,1510
2020-02-28 13:34:00-05:00,128.63,128.63,128.63,128.63,10
2020-02-28 13:35:00-05:00,128.24,128.36,128.24,128.36,402
2020-02-28 13:36:00-05:00,128.385,128.385,128.17,128.205,12
2020-02-28 13:37:00-05:00,128.12,128.315,128.045,128.315,222
2020-02-28 13:38:00-05:00,128.345,128.375,128.13,128.29,75
2020-02-28 13:39:00-05:00,128.31,128.445,128.265,128.285,151
2020-02-28 13:40:00-05:00,128.0,128.09,127.9,127.9,143
2020-02-28 13:41:00-05:00,127.92,128.08,127.855,127.91,227
2020-02-28 13:42:00-05:00,127.935,128.1,127.935,128.065,719
2020-02-28 13:43:00-05:00,128.08,128.145,127.895,127.895,112
2020-02-28 13:44:00-05:00,127.935,127.935,127.725,127.725,25
2020-02-28 13:45:00-05:00,127.64,127.7,127.365,127.505,712
2020-02-28 13:46:00-05:00,127.49,127.635,127.49,127.635,314
2020-02-28 13:47:00-05:00,127.49,127.53,127.335,127.335,12
2020-02-28 13:48:00-05:00,127.41,127.62,127.41,127.51,40
2020-02-28 13:49:00-05:00,127.61,127.635,127.595,127.635,6
2020-02-28 13:50:00-05:00,127.66,127.66,127.66,127.66,10
2020-02-28 13:51:00-05:00,127.865,127.865,127.85,127.85,190
2020-02-28 13:53:00-05:00,127.825,127.825,127.825,127.825,100
2020-02-28 13:54:00-05:00,127.79,127.79,127.79,127.79,100
2020-02-28 13:55:00-05:00,127.71,127.71,127.71,127.71,400
2020-02-28 13:56:00-05:00,127.705,127.73,127.68,127.73,403
2020-02-28 13:58:00-05:00,128.0,128.0,128.0,128.0,35
2020-02-28 14:01:00-05:00,127.65,127.65,127.57,127.645,405
2020-02-28 14:02:00-05:00,127.66,127.66,127.63,127.63,720
2020-02-28 14:03:00-05:00,127.64,127.64,127.5,127.5,620
2020-02-28 14:04:00-05:00,127.56,127.56,127.52,127.52,89
2020-02-28 14:05:00-05:00,127.45,127.45,127.45,127.45,200
2020-02-28 14:06:00-05:00,127.6,127.6,127.6,127.6,595
2020-02-28 14:07:00-05:00,127.545,127.64,127.46,127.46,203
2020-02-28 14:08:00-05:00,127.39,127.39,127.38,127.38,178
2020-02-28 14:09:00-05:00,127.415,127.415,127.36,127.36,300
2020-02-28 14:10:00-05:00,127.69,127.69,127.69,127.69,100
2020-02-28 14:11:00-05:00,127.79,127.81,127.71,127.81,3123
2020-02-28 14:13:00-05:00,127.88,127.91,127.88,127.91,84
2020-02-28 14:14:00-05:00,127.955,127.955,127.78,127.78,249
2020-02-28 14:15:00-05:00,127.815,127.815,127.815,127.815,10
2020-02-28 14:16:00-05:00,127.82,127.82,127.69,127.71,725
2020-02-28 14:19:00-05:00,127.94,128.15,127.94,128.15,550
2020-02-28 14:21:00-05:00,128.15,128.15,128.15,128.15,6
2020-02-28 14:22:00-05:00,128.395,128.57,128.395,128.57,93
2020-02-28 14:23:00-05:00,128.665,128.665,128.56,128.56,179
2020-02-28 14:24:00-05:00,128.47,128.5,128.47,128.5,302
2020-02-28 14:25:00-05:00,128.33,128.33,128.19,128.19,110
2020-02-28 14:26:00-05:00,128.09,128.09,128.09,128.09,50
2020-02-28 14:28:00-05:00,128.27,128.27,128.27,128.27,100
2020-02-28 14:30:00-05:00,128.32,129.31,128.27,129.31,1030
2020-02-28 14:31:00-05:00,128.96,128.96,128.47,128.53,906
2020-02-28 14:32:00-05:00,128.74,129.08,128.74,128.99,658
2020-02-28 14:33:00-05:00,129.015,129.015,128.69,128.715,700
2020-02-28 14:34:00-05:00,128.67,128.95,128.67,128.79,1600
2020-02-28 14:35:00-05:00,128.79,128.79,128.505,128.57,800
2020-02-28 14:36:00-05:00,128.61,128.61,128.46,128.61,503
2020-02-28 14:37:00-05:00,128.61,128.75,128.58,128.665,588
2020-02-28 14:38:00-05:00,128.655,128.85,128.655,128.755,2301
2020-02-28 14:39:00-05:00,128.7,128.74,128.57,128.57,301
2020-02-28 14:40:00-05:00,128.53,128.645,128.53,128.645,200
2020-02-28 14:41:00-05:00,128.905,128.99,128.905,128.985,246
2020-02-28 14:42:00-05:00,128.89,129.025,128.89,129.025,482
2020-02-28 14:43:00-05:00,129.145,129.33,129.145,129.33,200
2020-02-28 14:44:00-05:00,129.415,129.675,129.415,129.675,200
2020-02-28 14:45:00-05:00,129.53,129.605,129.45,129.45,600
2020-02-28 14:46:00-05:00,129.53,129.53,129.53,129.53,100
2020-02-28 14:47:00-05:00,129.37,129.37,129.275,129.275,595
2020-02-28 14:48:00-05:00,129.1,129.1,129.015,129.015,200
2020-02-28 14:50:00-05:00,129.26,129.31,129.26,129.31,200
2020-02-28 14:51:00-05:00,129.32,129.32,129.11,129.11,528
2020-02-28 14:52:00-05:00,129.11,129.125,129.04,129.05,632
2020-02-28 14:54:00-05:00,129.06,129.075,128.995,129.075,4915
2020-02-28 14:55:00-05:00,128.915,128.915,128.915,128.915,100
2020-02-28 14:56:00-05:00,128.64,128.68,128.64,128.68,280
2020-02-28 14:57:00-05:00,128.715,128.715,128.715,128.715,100
2020-02-28 14:58:00-05:00,128.805,128.805,128.74,128.74,400
2020-02-28 14:59:00-05:00,128.55,128.745,128.55,128.745,246
2020-02-28 15:00:00-05:00,128.79,128.85,128.69,128.69,300
2020-02-28 15:01:00-05:00,128.58,128.59,128.58,128.59,125
2020-02-28 15:03:00-05:00,128.36,128.36,128.21,128.235,400
2020-02-28 15:04:00-05:00,128.23,128.23,128.14,128.19,150
2020-02-28 15:05:00-05:00,128.01,128.02,127.9,127.9,300
2020-02-28 15:06:00-05:00,127.83,128.165,127.83,128.165,600
2020-02-28 15:07:00-05:00,128.06,128.115,128.0,128.0,350
2020-02-28 15:08:00-05:00,128.12,128.225,128.12,128.14,500
2020-02-28 15:09:00-05:00,128.165,128.2,128.165,128.2,105
2020-02-28 15:10:00-05:00,128.04,128.04,128.04,128.04,100
2020-02-28 15:12:00-05:00,128.12,128.28,128.12,128.28,287
2020-02-28 15:13:00-05:00,127.98,128.03,127.98,128.01,204
2020-02-28 15:14:00-05:00,128.04,128.065,127.965,127.965,417
2020-02-28 15:15:00-05:00,128.07,128.135,128.07,128.135,200
2020-02-28 15:16:00-05:00,128.39,128.725,128.39,128.725,392
2020-02-28 15:17:00-05:00,128.605,128.635,128.605,128.635,200
2020-02-28 15:18:00-05:00,128.72,128.9,128.72,128.9,234
2020-02-28 15:19:00-05:00,128.795,128.8,128.76,128.76,300
2020-02-28 15:20:00-05:00,128.765,128.765,128.565,128.565,677
2020-02-28 15:21:00-05:00,128.565,128.62,128.515,128.515,300
2020-02-28 15:22:00-05:00,128.46,128.46,128.11,128.12,429
2020-02-28 15:23:00-05:00,128.185,128.27,128.18,128.25,461
2020-02-28 15:24:00-05:00,128.185,128.19,128.185,128.19,210
2020-02-28 15:25:00-05:00,128.12,128.255,128.12,128.255,200
2020-02-28 15:26:00-05:00,127.995,127.995,127.86,127.86,200
2020-02-28 15:27:00-05:00,127.8,127.8,127.645,127.735,695
2020-02-28 15:28:00-05:00,127.69,127.795,127.69,127.795,110
2020-02-28 15:29:00-05:00,127.83,127.83,127.465,127.465,838
2020-02-28 15:30:00-05:00,127.495,127.67,127.495,127.67,1710
2020-02-28 15:31:00-05:00,127.67,128.015,127.67,128.015,410
2020-02-28 15:32:00-05:00,127.69,127.88,127.64,127.88,435
2020-02-28 15:33:00-05:00,127.68,127.68,127.555,127.555,800
2020-02-28 15:34:00-05:00,127.47,127.61,127.435,127.47,433
2020-02-28 15:35:00-05:00,127.4,127.4,127.35,127.35,107
2020-02-28 15:36:00-05:00,127.25,127.4,127.25,127.38,420
2020-02-28 15:37:00-05:00,127.59,127.59,127.505,127.57,1117
2020-02-28 15:38:00-05:00,127.495,127.615,127.47,127.49,218
2020-02-28 15:39:00-05:00,127.52,127.685,127.52,127.58,523
2020-02-28 15:40:00-05:00,127.605,127.605,127.4,127.4,117
2020-02-28 15:41:00-05:00,127.415,127.415,127.225,127.3,287
2020-02-28 15:42:00-05:00,127.225,127.265,127.015,127.015,1261
2020-02-28 15:43:00-05:00,126.98,127.06,126.98,127.06,335
2020-02-28 15:44:00-05:00,126.965,127.025,126.93,127.025,225
2020-02-28 15:45:00-05:00,127.035,127.585,127.035,127.585,1150
2020-02-28 15:46:00-05:00,127.795,127.89,127.45,127.81,722
2020-02-28 15:47:00-05:00,127.64,127.77,127.5,127.74,864
2020-02-28 15:48:00-05:00,127.76,127.895,127.76,127.86,1112
2020-02-28 15:49:00-05:00,127.92,128.115,127.92,128.04,594
2020-02-28 15:50:00-05:00,128.06,128.14,127.81,128.14,1869
2020-02-28 15:51:00-05:00,128.165,128.335,128.08,128.335,3150
2020-02-28 15:52:00-05:00,128.38,128.44,128.255,128.35,2705
2020-02-28 15:53:00-05:00,128.26,128.425,128.26,128.415,1838
2020-02-28 15:54:00-05:00,128.39,128.675,128.34,128.675,1510
2020-02-28 15:55:00-05:00,128.59,129.14,128.575,129.03,1575
2020-02-28 15:56:00-05:00,129.04,129.06,128.815,128.86,2876
2020-02-28 15:57:00-05:00,128.86,128.87,128.74,128.825,3988
2020-02-28 15:58:00-05:00,128.86,128.975,128.83,128.845,9228
2020-02-28 15:59:00-05:00,128.86,129.9,128.855,129.9,12926
2020-03-02 09:37:00-05:00,129.07,129.07,129.07,129.07,6
2020-03-02 09:38:00-05:00,129.1,129.1,129.1,129.1,10
2020-03-02 09:39:00-05:00,129.18,129.18,129.01,129.01,129
2020-03-02 09:40:00-05:00,129.035,129.26,129.035,129.26,160
2020-03-02 09:41:00-05:00,129.56,129.56,129.56,129.56,200
2020-03-02 09:42:00-05:00,129.58,129.58,129.51,129.51,141
2020-03-02 09:43:00-05:00,129.33,129.485,129.33,129.34,1010
2020-03-02 09:44:00-05:00,129.455,129.455,129.28,129.28,1590
2020-03-02 09:47:00-05:00,129.515,129.515,129.31,129.36,688
2020-03-02 09:48:00-05:00,129.295,129.38,129.26,129.27,561
2020-03-02 09:49:00-05:00,129.255,129.36,129.18,129.25,603
2020-03-02 09:50:00-05:00,129.11,129.19,129.11,129.15,417
2020-03-02 09:51:00-05:00,129.0,129.0,128.75,128.75,2310
2020-03-02 09:52:00-05:00,128.87,128.87,128.82,128.825,447
2020-03-02 09:55:00-05:00,129.45,129.45,129.34,129.415,300
2020-03-02 09:56:00-05:00,129.395,129.41,129.32,129.32,420
2020-03-02 09:57:00-05:00,129.45,129.45,129.45,129.45,200
2020-03-02 09:58:00-05:00,129.38,129.4,129.34,129.34,800
2020-03-02 09:59:00-05:00,129.41,129.41,129.31,129.34,522
2020-03-02 10:00:00-05:00,129.205,129.205,129.11,129.11,200
2020-03-02 10:01:00-05:00,129.22,129.22,129.1,129.1,300
2020-03-02 10:02:00-05:00,129.01,129.065,129.01,129.04,500
2020-03-02 10:03:00-05:00,128.945,128.945,128.8,128.85,400
2020-03-02 10:04:00-05:00,128.795,128.88,128.73,128.84,720
2020-03-02 10:05:00-05:00,128.805,128.845,128.69,128.69,500
2020-03-02 10:06:00-05:00,128.49,128.545,128.44,128.545,600
2020-03-02 10:07:00-05:00,128.49,128.49,128.28,128.28,443
2020-03-02 10:08:00-05:00,128.24,128.49,128.24,128.49,202
2020-03-02 10:09:00-05:00,128.33,128.33,128.245,128.245,223
2020-03-02 10:11:00-05:00,128.5,128.51,128.41,128.51,220
2020-03-02 10:12:00-05:00,128.55,128.6,128.44,128.53,600
2020-03-02 10:13:00-05:00,128.525,128.69,128.525,128.655,500
2020-03-02 10:14:00-05:00,128.775,128.775,128.71,128.76,800
2020-03-02 10:15:00-05:00,128.81,128.83,128.545,128.58,900
2020-03-02 10:16:00-05:00,128.37,128.485,128.33,128.485,610
2020-03-02 10:17:00-05:00,128.505,128.505,128.395,128.395,400
2020-03-02 10:18:00-05:00,128.43,128.43,128.35,128.36,375
2020-03-02 10:19:00-05:00,128.365,128.495,128.335,128.495,1450
2020-03-02 10:20:00-05:00,128.39,128.435,128.39,128.4,214
2020-03-02 10:21:00-05:00,128.37,128.39,128.31,128.31,286
2020-03-02 10:22:00-05:00,128.095,128.11,128.095,128.11,300
2020-03-02 10:23:00-05:00,128.02,128.095,127.97,128.095,202
2020-03-02 10:24:00-05:00,128.09,128.295,128.09,128.11,207
2020-03-02 10:25:00-05:00,128.25,128.38,128.25,128.38,300
2020-03-02 10:26:00-05:00,128.43,128.43,128.3,128.3,200
2020-03-02 10:27:00-05:00,128.6,128.65,128.6,128.605,407
2020-03-02 10:28:00-05:00,128.61,128.61,128.53,128.61,410
2020-03-02 10:29:00-05:00,128.43,128.43,128.43,128.43,100
2020-03-02 10:30:00-05:00,128.475,128.55,128.16,128.16,500
2020-03-02 10:31:00-05:00,128.14,128.14,128.05,128.05,300
2020-03-02 10:32:00-05:00,128.105,128.23,128.08,128.11,403
2020-03-02 10:33:00-05:00,128.12,128.31,128.12,128.31,303
2020-03-02 10:34:00-05:00,128.47,128.535,128.47,128.535,414
2020-03-02 10:35:00-05:00,128.21,128.39,128.21,128.26,219
2020-03-02 10:36:00-05:00,128.27,128.55,128.27,128.52,489
2020-03-02 10:37:00-05:00,128.56,128.59,128.42,128.59,413
2020-03-02 10:38:00-05:00,128.505,128.725,128.505,128.725,807
2020-03-02 10:39:00-05:00,128.7,128.87,128.7,128.87,417
2020-03-02 10:40:00-05:00,128.89,129.05,128.89,129.05,913
2020-03-02 10:41:00-05:00,129.05,129.05,129.05,129.05,100
2020-03-02 10:42:00-05:00,128.97,128.97,128.92,128.965,178
2020-03-02 10:43:00-05:00,128.935,129.015,128.935,129.015,1229
2020-03-02 10:44:00-05:00,128.94,129.245,128.94,129.175,912
2020-03-02 10:45:00-05:00,129.265,129.34,129.245,129.34,704
2020-03-02 10:46:00-05:00,129.375,129.515,129.375,129.465,600
2020-03-02 10:47:00-05:00,129.455,129.455,129.36,129.39,720
2020-03-02 10:48:00-05:00,129.43,129.43,129.43,129.43,29
2020-03-02 10:49:00-05:00,129.65,129.65,129.65,129.65,100
2020-03-02 10:50:00-05:00,129.6,129.6,129.5,129.5,348
2020-03-02 10:51:00-05:00,129.59,129.7,129.59,129.7,550
2020-03-02 10:52:00-05:00,129.77,129.79,129.715,129.72,1040
2020-03-02 10:53:00-05:00,129.71,129.795,129.71,129.795,1014
2020-03-02 10:54:00-05:00,129.85,129.88,129.7,129.7,1631
2020-03-02 10:55:00-05:00,129.795,129.795,129.7,129.78,3937
2020-03-02 10:56:00-05:00,129.69,129.81,129.64,129.81,500
2020-03-02 10:58:00-05:00,129.56,129.56,129.56,129.56,50
2020-03-02 11:00:00-05:00,129.51,129.6,129.51,129.6,104
2020-03-02 11:01:00-05:00,129.65,129.65,129.54,129.54,200
2020-03-02 11:02:00-05:00,129.265,129.265,129.265,129.265,111
2020-03-02 11:03:00-05:00,129.385,129.385,129.26,129.26,274
2020-03-02 11:04:00-05:00,129.435,129.435,129.435,129.435,100
2020-03-02 11:05:00-05:00,129.345,129.36,129.31,129.36,453
2020-03-02 11:06:00-05:00,129.61,129.61,129.395,129.395,1046
2020-03-02 11:07:00-05:00,129.47,129.47,129.42,129.42,300
2020-03-02 11:08:00-05:00,129.39,129.39,129.35,129.35,104
2020-03-02 11:10:00-05:00,129.495,129.495,129.48,129.48,107
2020-03-02 11:14:00-05:00,130.105,130.225,130.105,130.225,600
2020-03-02 11:15:00-05:00,130.215,130.55,130.19,130.55,1832
2020-03-02 11:16:00-05:00,130.555,130.57,130.555,130.57,200
2020-03-02 11:17:00-05:00,130.45,130.49,130.43,130.43,400
2020-03-02 11:19:00-05:00,130.515,130.6,130.45,130.45,850
2020-03-02 11:20:00-05:00,130.41,130.67,130.41,130.67,1300
2020-03-02 11:21:00-05:00,130.65,130.7,130.47,130.47,600
2020-03-02 11:22:00-05:00,130.65,130.65,130.65,130.65,50
2020-03-02 11:23:00-05:00,130.69,130.7,130.595,130.595,600
2020-03-02 11:24:00-05:00,130.6,130.6,130.445,130.445,400
2020-03-02 11:25:00-05:00,130.515,130.55,130.47,130.47,405
2020-03-02 11:26:00-05:00,130.62,130.62,130.62,130.62,25
2020-03-02 11:27:00-05:00,130.56,130.56,130.56,130.56,2
2020-03-02 11:28:00-05:00,130.685,130.685,130.685,130.685,10
2020-03-02 11:29:00-05:00,130.71,130.71,130.71,130.71,100
2020-03-02 11:30:00-05:00,130.63,130.63,130.63,130.63,10
2020-03-02 11:31:00-05:00,130.76,130.76,130.76,130.76,100
2020-03-02 11:32:00-05:00,130.72,130.825,130.72,130.825,600
2020-03-02 11:33:00-05:00,130.83,130.96,130.81,130.96,1100
2020-03-02 11:34:00-05:00,130.88,130.89,130.71,130.8,600
2020-03-02 11:35:00-05:00,130.795,131.05,130.795,130.925,804
2020-03-02 11:36:00-05:00,130.98,130.98,130.88,130.98,420
2020-03-02 11:37:00-05:00,131.11,131.13,131.11,131.13,129
2020-03-02 11:38:00-05:00,131.29,131.29,131.28,131.28,200
2020-03-02 11:39:00-05:00,131.49,131.74,131.48,131.74,534
2020-03-02 11:40:00-05:00,131.74,131.74,131.48,131.51,705
2020-03-02 11:41:00-05:00,131.49,131.52,131.315,131.315,569
2020-03-02 11:42:00-05:00,131.28,131.3,131.22,131.22,1149
2020-03-02 11:43:00-05:00,131.24,131.305,131.24,131.305,200
2020-03-02 11:44:00-05:00,131.35,131.5,131.35,131.375,890
2020-03-02 11:45:00-05:00,131.29,131.37,131.28,131.37,300
2020-03-02 11:46:00-05:00,131.37,131.37,131.34,131.34,200
2020-03-02 11:47:00-05:00,131.3,131.54,131.3,131.54,200
2020-03-02 11:48:00-05:00,131.48,131.48,131.48,131.48,100
2020-03-02 11:49:00-05:00,131.565,131.59,131.565,131.59,121
2020-03-02 11:51:00-05:00,131.64,131.67,131.62,131.62,250
2020-03-02 11:53:00-05:00,131.89,131.89,131.89,131.89,100
2020-03-02 11:54:00-05:00,132.05,132.16,132.05,132.08,264
2020-03-02 11:55:00-05:00,132.11,132.15,132.11,132.15,200
2020-03-02 11:57:00-05:00,132.26,132.26,132.185,132.185,700
2020-03-02 11:58:00-05:00,132.26,132.28,132.15,132.24,309
2020-03-02 12:00:00-05:00,132.39,132.4,132.39,132.4,233
2020-03-02 12:01:00-05:00,132.49,132.49,132.49,132.49,100
2020-03-02 12:03:00-05:00,132.62,132.64,132.62,132.64,200
2020-03-02 12:04:00-05:00,132.61,132.61,132.52,132.52,450
2020-03-02 12:06:00-05:00,132.53,132.53,132.53,132.53,100
2020-03-02 12:07:00-05:00,132.515,132.515,132.46,132.46,20
2020-03-02 12:08:00-05:00,132.33,132.33,132.33,132.33,100
2020-03-02 12:09:00-05:00,132.39,132.4,132.39,132.4,129
2020-03-02 12:11:00-05:00,132.25,132.25,132.23,132.23,200
2020-03-02 12:12:00-05:00,132.28,132.28,132.25,132.25,200
2020-03-02 12:13:00-05:00,132.23,132.23,132.2,132.2,121
2020-03-02 12:14:00-05:00,132.19,132.19,132.19,132.19,100
2020-03-02 12:15:00-05:00,132.21,132.22,132.21,132.22,311
2020-03-02 12:16:00-05:00,132.14,132.17,132.09,132.09,301
2020-03-02 12:17:00-05:00,132.05,132.06,131.97,131.97,430
2020-03-02 12:18:00-05:00,131.92,131.99,131.92,131.99,201
2020-03-02 12:19:00-05:00,132.0,132.0,132.0,132.0,200
2020-03-02 12:20:00-05:00,132.22,132.22,132.22,132.22,100
2020-03-02 12:21:00-05:00,132.12,132.12,132.12,132.12,200
2020-03-02 12:22:00-05:00,132.08,132.08,132.08,132.08,52
2020-03-02 12:23:00-05:00,131.785,131.785,131.73,131.765,115
2020-03-02 12:24:00-05:00,131.74,131.74,131.74,131.74,200
2020-03-02 12:27:00-05:00,132.03,132.03,132.03,132.03,37
2020-03-02 12:29:00-05:00,131.995,132.01,131.985,131.985,104
2020-03-02 12:30:00-05:00,132.05,132.095,132.05,132.055,300
2020-03-02 12:31:00-05:00,132.35,132.35,132.35,132.35,50
2020-03-02 12:32:00-05:00,132.36,132.36,132.36,132.36,100
2020-03-02 12:33:00-05:00,132.315,132.41,132.315,132.41,1400
2020-03-02 12:35:00-05:00,132.29,132.31,132.29,132.31,300
2020-03-02 12:39:00-05:00,132.61,132.61,132.46,132.56,441
2020-03-02 12:40:00-05:00,132.655,132.655,132.655,132.655,1
2020-03-02 12:41:00-05:00,132.63,132.63,132.63,132.63,1
2020-03-02 12:42:00-05:00,132.51,132.51,132.51,132.51,100
2020-03-02 12:43:00-05:00,132.53,132.53,132.43,132.435,229
2020-03-02 12:44:00-05:00,132.46,132.56,132.46,132.56,1300
2020-03-02 12:45:00-05:00,132.545,132.545,132.475,132.51,253
2020-03-02 12:46:00-05:00,132.555,132.58,132.555,132.58,529
2020-03-02 12:47:00-05:00,132.69,132.76,132.69,132.76,103
2020-03-02 12:48:00-05:00,132.68,132.68,132.68,132.68,34
2020-03-02 12:49:00-05:00,132.46,132.46,132.46,132.46,50
2020-03-02 12:50:00-05:00,132.52,132.525,132.52,132.525,200
2020-03-02 12:54:00-05:00,132.645,132.69,132.645,132.69,126
2020-03-02 12:55:00-05:00,132.56,132.56,132.56,132.56,10
2020-03-02 12:56:00-05:00,132.68,132.68,132.68,132.68,25
2020-03-02 12:57:00-05:00,132.79,132.79,132.79,132.79,100
2020-03-02 12:59:00-05:00,132.77,132.77,132.76,132.76,200
2020-03-02 13:00:00-05:00,132.78,132.84,132.78,132.81,401
2020-03-02 13:01:00-05:00,132.735,132.83,132.735,132.83,103
2020-03-02 13:02:00-05:00,132.605,132.605,132.605,132.605,100
2020-03-02 13:03:00-05:00,132.71,132.71,132.62,132.62,201
2020-03-02 13:04:00-05:00,132.64,132.66,132.63,132.66,610
2020-03-02 13:05:00-05:00,132.5,132.5,132.46,132.46,500
2020-03-02 13:06:00-05:00,132.495,132.52,132.495,132.52,200
2020-03-02 13:07:00-05:00,132.535,132.535,132.535,132.535,100
2020-03-02 13:08:00-05:00,132.38,132.38,132.38,132.38,100
2020-03-02 13:09:00-05:00,132.48,132.48,132.47,132.47,200
2020-03-02 13:10:00-05:00,132.4,132.4,132.4,132.4,100
2020-03-02 13:12:00-05:00,132.21,132.29,132.21,132.29,124
2020-03-02 13:13:00-05:00,132.29,132.46,132.29,132.46,178
2020-03-02 13:14:00-05:00,132.45,132.45,132.33,132.41,502
2020-03-02 13:17:00-05:00,132.03,132.03,132.015,132.015,399
2020-03-02 13:19:00-05:00,132.005,132.01,132.005,132.01,102
2020-03-02 13:24:00-05:00,131.75,131.75,131.75,131.75,5
2020-03-02 13:25:00-05:00,131.865,131.865,131.865,131.865,10
2020-03-02 13:26:00-05:00,131.71,131.71,131.71,131.71,121
2020-03-02 13:27:00-05:00,131.665,131.665,131.665,131.665,200
2020-03-02 13:28:00-05:00,131.59,131.645,131.59,131.645,4
2020-03-02 13:29:00-05:00,131.695,131.705,131.67,131.705,104
2020-03-02 13:30:00-05:00,131.67,131.76,131.59,131.59,431
2020-03-02 13:31:00-05:00,131.625,131.625,131.545,131.575,159
2020-03-02 13:32:00-05:00,131.555,131.59,131.5,131.59,313
2020-03-02 13:33:00-05:00,131.54,131.61,131.5,131.61,214
2020-03-02 13:34:00-05:00,131.63,131.73,131.62,131.7,216
2020-03-02 13:35:00-05:00,131.66,131.86,131.66,131.835,112
2020-03-02 13:36:00-05:00,131.82,131.87,131.82,131.845,681
2020-03-02 13:37:00-05:00,131.845,131.86,131.84,131.86,12
2020-03-02 13:38:00-05:00,131.985,132.06,131.985,132.06,529
2020-03-02 13:39:00-05:00,132.02,132.03,132.02,132.03,210
2020-03-02 13:40:00-05:00,132.05,132.05,131.915,131.995,1136
2020-03-02 13:41:00-05:00,132.055,132.055,132.0,132.0,300
2020-03-02 13:42:00-05:00,131.89,131.89,131.89,131.89,100
2020-03-02 13:43:00-05:00,131.955,131.955,131.955,131.955,100
2020-03-02 13:45:00-05:00,131.91,131.91,131.91,131.91,25
2020-03-02 13:48:00-05:00,131.69,131.69,131.61,131.61,158
2020-03-02 13:50:00-05:00,131.49,131.57,131.49,131.57,129
2020-03-02 13:51:00-05:00,131.68,131.68,131.59,131.59,111
2020-03-02 13:52:00-05:00,131.51,131.51,131.39,131.39,104
2020-03-02 13:53:00-05:00,131.35,131.35,131.185,131.185,416
2020-03-02 13:54:00-05:00,131.33,131.39,131.33,131.39,206
2020-03-02 13:55:00-05:00,131.285,131.4,131.285,131.4,200
2020-03-02 13:56:00-05:00,131.42,131.47,131.42,131.47,103
2020-03-02 13:58:00-05:00,131.635,131.635,131.615,131.615,300
2020-03-02 13:59:00-05:00,131.765,131.77,131.765,131.77,299
2020-03-02 14:00:00-05:00,131.85,131.87,131.85,131.87,200
2020-03-02 14:01:00-05:00,131.785,131.785,131.785,131.785,10
2020-03-02 14:03:00-05:00,131.82,131.875,131.82,131.875,201
2020-03-02 14:04:00-05:00,131.74,131.84,131.74,131.84,200
2020-03-02 14:05:00-05:00,131.83,131.83,131.83,131.83,100
2020-03-02 14:06:00-05:00,131.82,131.82,131.82,131.82,4
2020-03-02 14:07:00-05:00,131.74,131.84,131.74,131.84,206
2020-03-02 14:08:00-05:00,131.73,131.88,131.73,131.88,110
2020-03-02 14:09:00-05:00,131.96,131.99,131.96,131.99,150
2020-03-02 14:10:00-05:00,132.005,132.005,132.005,132.005,100
2020-03-02 14:11:00-05:00,131.94,131.96,131.94,131.96,303
2020-03-02 14:12:00-05:00,131.96,131.96,131.92,131.96,220
2020-03-02 14:14:00-05:00,132.02,132.06,132.02,132.06,110
2020-03-02 14:15:00-05:00,132.04,132.04,131.95,131.95,200
2020-03-02 14:16:00-05:00,131.91,131.94,131.875,131.875,361
2020-03-02 14:17:00-05:00,131.78,131.78,131.735,131.75,212
2020-03-02 14:18:00-05:00,131.78,131.79,131.715,131.79,496
2020-03-02 14:20:00-05:00,131.71,131.77,131.68,131.77,366
2020-03-02 14:23:00-05:00,131.655,131.67,131.655,131.67,60
2020-03-02 14:24:00-05:00,131.57,131.63,131.57,131.63,101
2020-03-02 14:26:00-05:00,131.38,131.4,131.38,131.385,121
2020-03-02 14:27:00-05:00,131.53,131.655,131.53,131.655,1360
2020-03-02 14:28:00-05:00,131.59,131.595,131.59,131.595,300
2020-03-02 14:29:00-05:00,131.45,131.45,131.33,131.33,160
2020-03-02 14:30:00-05:00,131.45,131.45,131.37,131.38,300
2020-03-02 14:32:00-05:00,131.23,131.255,131.22,131.255,2321
2020-03-02 14:33:00-05:00,131.25,131.25,131.25,131.25,400
2020-03-02 14:34:00-05:00,131.27,131.3,131.15,131.15,700
2020-03-02 14:35:00-05:00,131.16,131.16,131.08,131.11,510
2020-03-02 14:36:00-05:00,131.04,131.04,131.04,131.04,100
2020-03-02 14:37:00-05:00,130.96,130.96,130.93,130.93,212
2020-03-02 14:38:00-05:00,130.88,130.88,130.88,130.88,117
2020-03-02 14:40:00-05:00,130.54,130.54,130.37,130.37,400
2020-03-02 14:41:00-05:00,130.35,130.45,130.35,130.45,134
2020-03-02 14:44:00-05:00,130.16,130.22,130.16,130.22,149
2020-03-02 14:47:00-05:00,130.34,130.34,130.34,130.34,300
2020-03-02 14:49:00-05:00,130.6,130.69,130.6,130.69,110
2020-03-02 14:51:00-05:00,130.385,130.41,130.385,130.41,81
2020-03-02 14:53:00-05:00,130.74,130.74,130.74,130.74,38
2020-03-02 14:54:00-05:00,130.69,130.72,130.69,130.72,200
2020-03-02 14:55:00-05:00,130.93,130.93,130.93,130.93,72
2020-03-02 14:57:00-05:00,130.65,130.65,130.65,130.65,7
2020-03-02 14:59:00-05:00,130.525,130.525,130.36,130.36,9
2020-03-02 15:00:00-05:00,130.415,130.415,130.415,130.415,100
2020-03-02 15:01:00-05:00,130.655,130.7,130.655,130.7,68
2020-03-02 15:02:00-05:00,130.73,130.91,130.665,130.88,605
2020-03-02 15:03:00-05:00,130.855,130.855,130.82,130.82,308
2020-03-02 15:04:00-05:00,130.965,130.965,130.91,130.915,855
2020-03-02 15:05:00-05:00,130.98,131.085,130.98,131.085,300
2020-03-02 15:06:00-05:00,131.045,131.185,131.045,131.17,477
2020-03-02 15:08:00-05:00,131.13,131.175,131.13,131.175,525
2020-03-02 15:09:00-05:00,131.27,131.27,131.27,131.27,1
2020-03-02 15:11:00-05:00,131.165,131.18,131.07,131.18,1923
2020-03-02 15:12:00-05:00,131.09,131.22,131.09,131.22,117
2020-03-02 15:13:00-05:00,131.28,131.28,131.28,131.28,100
2020-03-02 15:17:00-05:00,131.32,131.35,131.32,131.35,218
2020-03-02 15:18:00-05:00,131.24,131.24,131.24,131.24,3
2020-03-02 15:19:00-05:00,131.19,131.19,131.115,131.115,139
2020-03-02 15:20:00-05:00,131.12,131.21,131.115,131.21,304
2020-03-02 15:21:00-05:00,131.25,131.37,131.25,131.37,610
2020-03-02 15:23:00-05:00,131.485,131.54,131.485,131.54,506
2020-03-02 15:24:00-05:00,131.53,131.74,131.465,131.68,1257
2020-03-02 15:25:00-05:00,131.705,131.71,131.62,131.66,669
2020-03-02 15:26:00-05:00,131.695,131.85,131.665,131.815,360
2020-03-02 15:27:00-05:00,131.83,131.86,131.76,131.76,844
2020-03-02 15:28:00-05:00,131.775,131.82,131.73,131.73,535
2020-03-02 15:30:00-05:00,131.69,131.7,131.56,131.665,808
2020-03-02 15:31:00-05:00,131.67,131.83,131.67,131.83,1273
2020-03-02 15:32:00-05:00,131.82,131.865,131.74,131.865,158
2020-03-02 15:33:00-05:00,131.895,131.95,131.895,131.95,304
2020-03-02 15:35:00-05:00,131.955,131.955,131.955,131.955,100
2020-03-02 15:36:00-05:00,132.09,132.14,132.09,132.14,1015
2020-03-02 15:37:00-05:00,132.19,132.255,132.125,132.255,1577
2020-03-02 15:38:00-05:00,132.3,132.35,132.3,132.35,857
2020-03-02 15:40:00-05:00,132.45,132.46,132.445,132.455,903
2020-03-02 15:41:00-05:00,132.48,132.615,132.48,132.565,1271
2020-03-02 15:42:00-05:00,132.565,132.565,132.55,132.55,478
2020-03-02 15:43:00-05:00,132.55,132.55,132.31,132.31,557
2020-03-02 15:45:00-05:00,132.355,132.47,132.355,132.4,864
2020-03-02 15:46:00-05:00,132.43,132.87,132.43,132.87,635
2020-03-02 15:48:00-05:00,132.86,133.03,132.81,133.03,404
2020-03-02 15:49:00-05:00,133.03,133.035,132.93,132.93,420
2020-03-02 15:51:00-05:00,133.375,133.375,133.28,133.33,648
2020-03-02 15:52:00-05:00,133.34,133.42,133.265,133.265,957
2020-03-02 15:53:00-05:00,133.24,133.615,133.24,133.615,1345
2020-03-02 15:54:00-05:00,133.63,133.97,133.55,133.97,1499
2020-03-02 15:56:00-05:00,133.84,133.87,133.69,133.69,1424
2020-03-02 15:57:00-05:00,133.67,134.19,133.67,134.19,2536
2020-03-02 15:59:00-05:00,134.255,134.39,134.02,134.35,1898
